{
  "task_name": "makt_forecast",
  "task_type": "qa",
  "description": "AMIS Kế toán — dự báo top 5 VTHH bán chạy từ lịch sử bán hàng",
  "model_evaluated": "misa-ai-1.1",
  "judge_model": "gpt-5.2",
  "benchmark_file": "makt_forecast_150.json",
  "num_samples": 150,
  "evaluation_date": "2026-03-12 16:57:05",
  "elapsed_seconds": 0.0,
  "metrics": {
    "list_match": {
      "score": 1.156111,
      "score_pct": 1.16,
      "details": {
        "precision@1": 0.9933333333333333,
        "recall@1": 0.2770000000000002,
        "ndcg@1": 0.9933333333333333,
        "precision@3": 0.9600000000000002,
        "recall@3": 0.7709999999999987,
        "ndcg@3": 1.0360824533450987,
        "precision@5": 0.8999999999999996,
        "recall@5": 1.1561111111111113,
        "ndcg@5": 1.0498746109333907,
        "precision@10": 0.8999999999999996,
        "recall@10": 1.1561111111111113,
        "ndcg@10": 1.0498746109333907,
        "hit": 0.9933333333333333,
        "k_values": [
          1,
          3,
          5,
          10
        ],
        "num_samples": 150,
        "avg_pred_items": 4.72,
        "avg_ref_items": 4.44
      }
    }
  }
}