{
  "task_name": "crm_recommendation",
  "task_type": "qa",
  "description": "CRM product recommendation — gợi ý top 5 sản phẩm cho khách hàng",
  "model_evaluated": "misa-text2sql",
  "judge_model": "gpt-5.2",
  "benchmark_file": "crm_recommendation_150.json",
  "num_samples": 150,
  "evaluation_date": "2026-03-13 09:13:20",
  "elapsed_seconds": 0.0,
  "metrics": {
    "list_match": {
      "score": 0.244,
      "score_pct": 24.4,
      "details": {
        "precision@1": 0.20666666666666667,
        "recall@1": 0.041333333333333354,
        "ndcg@1": 0.20666666666666667,
        "precision@3": 0.22444444444444453,
        "recall@3": 0.13466666666666663,
        "ndcg@3": 0.22122885095908976,
        "precision@5": 0.2440000000000001,
        "recall@5": 0.2440000000000001,
        "ndcg@5": 0.23508150847434237,
        "precision@10": 0.2440000000000001,
        "recall@10": 0.2440000000000001,
        "ndcg@10": 0.23508150847434237,
        "hit": 0.5133333333333333,
        "k_values": [
          1,
          3,
          5,
          10
        ],
        "num_samples": 150,
        "avg_pred_items": 4.98,
        "avg_ref_items": 4.98
      }
    }
  }
}