{
  "task_name": "makt_forecast",
  "task_type": "qa",
  "description": "AMIS Kế toán — dự báo top 5 VTHH bán chạy từ lịch sử bán hàng",
  "model_evaluated": "misa-text2sql",
  "judge_model": "gpt-5.2",
  "benchmark_file": "makt_forecast_150.json",
  "num_samples": 150,
  "evaluation_date": "2026-03-13 09:19:33",
  "elapsed_seconds": 0.0,
  "metrics": {
    "list_match": {
      "score": 0.829333,
      "score_pct": 82.93,
      "details": {
        "precision@1": 0.9733333333333334,
        "recall@1": 0.27300000000000013,
        "ndcg@1": 0.9733333333333334,
        "precision@3": 0.9022222222222225,
        "recall@3": 0.6129999999999999,
        "ndcg@3": 0.9191807660272732,
        "precision@5": 0.8293333333333319,
        "recall@5": 0.8293333333333319,
        "ndcg@5": 0.8762806468344434,
        "precision@10": 0.8293333333333319,
        "recall@10": 0.8293333333333319,
        "ndcg@10": 0.8762806468344434,
        "hit": 0.9933333333333333,
        "k_values": [
          1,
          3,
          5,
          10
        ],
        "num_samples": 150,
        "avg_pred_items": 4.5,
        "avg_ref_items": 4.44
      }
    }
  }
}