{
  "task_name": "crm_recommendation",
  "task_type": "qa",
  "description": "CRM product recommendation — gợi ý top 5 sản phẩm cho khách hàng",
  "model_evaluated": "misa-ai-1.0",
  "judge_model": "gpt-5.2",
  "benchmark_file": "crm_recommendation_150.json",
  "num_samples": 150,
  "evaluation_date": "2026-03-12 16:33:10",
  "elapsed_seconds": 0.0,
  "metrics": {
    "list_match": {
      "score": 0.690667,
      "score_pct": 69.07,
      "details": {
        "precision@1": 0.7666666666666667,
        "recall@1": 0.153333333333333,
        "ndcg@1": 0.7666666666666667,
        "precision@3": 0.7533333333333332,
        "recall@3": 0.45200000000000046,
        "ndcg@3": 0.7564618581734851,
        "precision@5": 0.6916666666666662,
        "recall@5": 0.6906666666666662,
        "ndcg@5": 0.7130962383304559,
        "precision@10": 0.6916666666666662,
        "recall@10": 0.6906666666666662,
        "ndcg@10": 0.7130962383304559,
        "hit": 0.9333333333333333,
        "k_values": [
          1,
          3,
          5,
          10
        ],
        "num_samples": 150,
        "avg_pred_items": 5.026666666666666,
        "avg_ref_items": 4.98
      }
    }
  }
}