{
  "task_name": "makt_forecast",
  "task_type": "qa",
  "description": "AMIS Kế toán — dự báo top 5 VTHH bán chạy từ lịch sử bán hàng",
  "model_evaluated": "misa-ai-1.0",
  "judge_model": "gpt-5.2",
  "benchmark_file": "makt_forecast_150.json",
  "num_samples": 144,
  "evaluation_date": "2026-03-12 16:29:13",
  "elapsed_seconds": 0.0,
  "metrics": {
    "list_match": {
      "score": 0.961574,
      "score_pct": 96.16,
      "details": {
        "precision@1": 0.9930555555555556,
        "recall@1": 0.27465277777777786,
        "ndcg@1": 0.9930555555555556,
        "precision@3": 0.9629629629629631,
        "recall@3": 0.6890046296296287,
        "ndcg@3": 0.991244325630751,
        "precision@5": 0.8805555555555548,
        "recall@5": 0.9615740740740741,
        "ndcg@5": 0.9501146254375199,
        "precision@10": 0.8805555555555548,
        "recall@10": 0.9615740740740741,
        "ndcg@10": 0.9501146254375199,
        "hit": 0.9930555555555556,
        "k_values": [
          1,
          3,
          5,
          10
        ],
        "num_samples": 144,
        "avg_pred_items": 4.520833333333333,
        "avg_ref_items": 4.444444444444445
      }
    }
  }
}