{
  "task_name": "crm_recommendation",
  "task_type": "qa",
  "description": "CRM product recommendation — gợi ý top 5 sản phẩm cho khách hàng",
  "model_evaluated": "misa-ai-1.0-mini",
  "judge_model": "gpt-5.2",
  "benchmark_file": "crm_recommendation_150.json",
  "num_samples": 150,
  "evaluation_date": "2026-03-13 09:30:41",
  "elapsed_seconds": 0.0,
  "metrics": {
    "list_match": {
      "score": 0.572,
      "score_pct": 57.2,
      "details": {
        "precision@1": 0.66,
        "recall@1": 0.13199999999999976,
        "ndcg@1": 0.66,
        "precision@3": 0.5955555555555555,
        "recall@3": 0.3573333333333336,
        "ndcg@3": 0.610949836940531,
        "precision@5": 0.5719999999999996,
        "recall@5": 0.5719999999999996,
        "ndcg@5": 0.5910962513404159,
        "precision@10": 0.5719999999999996,
        "recall@10": 0.5719999999999996,
        "ndcg@10": 0.5910962513404159,
        "hit": 0.8533333333333334,
        "k_values": [
          1,
          3,
          5,
          10
        ],
        "num_samples": 150,
        "avg_pred_items": 4.98,
        "avg_ref_items": 4.98
      }
    }
  }
}