{
  "task_name": "makt_forecast",
  "task_type": "qa",
  "description": "AMIS Kế toán — dự báo top 5 VTHH bán chạy từ lịch sử bán hàng",
  "model_evaluated": "misa-ai-1.0-mini",
  "judge_model": "gpt-5.2",
  "benchmark_file": "makt_forecast_150.json",
  "num_samples": 150,
  "evaluation_date": "2026-03-13 09:36:49",
  "elapsed_seconds": 0.0,
  "metrics": {
    "list_match": {
      "score": 0.858444,
      "score_pct": 85.84,
      "details": {
        "precision@1": 0.98,
        "recall@1": 0.2743333333333335,
        "ndcg@1": 0.98,
        "precision@3": 0.9444444444444445,
        "recall@3": 0.6327777777777771,
        "ndcg@3": 0.9479612012392704,
        "precision@5": 0.863999999999999,
        "recall@5": 0.8584444444444433,
        "ndcg@5": 0.8911149382749712,
        "precision@10": 0.863999999999999,
        "recall@10": 0.8584444444444433,
        "ndcg@10": 0.8911149382749712,
        "hit": 0.9933333333333333,
        "k_values": [
          1,
          3,
          5,
          10
        ],
        "num_samples": 150,
        "avg_pred_items": 4.426666666666667,
        "avg_ref_items": 4.44
      }
    }
  }
}