{
  "task_name": "crm_recommendation",
  "task_type": "qa",
  "description": "CRM product recommendation — gợi ý top 5 sản phẩm cho khách hàng",
  "model_evaluated": "gpt-4.1",
  "judge_model": "gpt-5.2",
  "benchmark_file": "crm_recommendation_150.json",
  "num_samples": 150,
  "evaluation_date": "2026-03-12 17:07:18",
  "elapsed_seconds": 0.0,
  "metrics": {
    "list_match": {
      "score": 0.737333,
      "score_pct": 73.73,
      "details": {
        "precision@1": 0.8333333333333334,
        "recall@1": 0.1666666666666663,
        "ndcg@1": 0.8333333333333334,
        "precision@3": 0.8066666666666668,
        "recall@3": 0.48400000000000026,
        "ndcg@3": 0.8145621842924232,
        "precision@5": 0.7373333333333324,
        "recall@5": 0.7373333333333324,
        "ndcg@5": 0.7657985668844153,
        "precision@10": 0.7373333333333324,
        "recall@10": 0.7373333333333324,
        "ndcg@10": 0.7657985668844153,
        "hit": 0.9666666666666667,
        "k_values": [
          1,
          3,
          5,
          10
        ],
        "num_samples": 150,
        "avg_pred_items": 4.98,
        "avg_ref_items": 4.98
      }
    }
  }
}